{
  "resCode": "000",
  "resMsg": "success",
  "list": [
    {
      "shopName": "酱烧鸭拌饭",
      "price": "18",
      "oldPrice": "",
      "imgUrl": "http://op.jiawang.cn:9090/dd_op/attached/image/20150714/20150714114213-1100397-product_pic.jpg",
      "id": "1111",
      "prdNum": 8
    },
    {
      "shopName": "土豆焖排骨饭",
      "price": "18",
      "oldPrice": "",
      "imgUrl": "http://op.jiawang.cn:9090/dd_op/attached/image/20150714/20150714114214-1100514-product_pic.jpg",
      "id": "1112",
      "prdNum": 3
    },
    {
      "shopName": "小炒肉饭",
      "price": "16",
      "oldPrice": "",
      "imgUrl": "http://op.jiawang.cn:9090/dd_op/attached/image/20150714/20150714114215-1100631-product_pic.jpg",
      "id": "1114",
      "prdNum": "1"
    },
    {
      "shopName": "回锅肉饭",
      "price": "16",
      "oldPrice": "",
      "imgUrl": "http://op.jiawang.cn:9090/dd_op/attached/image/20150714/20150714114212-1100748-product_pic.jpg",
      "id": "2220",
      "prdNum": 3
    }
  ]
}